Workbook

Sheet Vendas
A1: ✏️ Preencha os campos abaixo com os dados de vendas. A coluna 'Valor Total' é calculada automaticamente.
A2: Data | B2: Produto | C2: Categoria | D2: Quantidade (kg) | E2: Valor Unitario | F2: Valor Total
F3: =IF(D3="","",D3*E3)
F4: =IF(D4="","",D4*E4)
F5: =IF(D5="","",D5*E5)
F6: =IF(D6="","",D6*E6)
F7: =IF(D7="","",D7*E7)
F8: =IF(D8="","",D8*E8)
F9: =IF(D9="","",D9*E9)
F10: =IF(D10="","",D10*E10)
F11: =IF(D11="","",D11*E11)
F12: =IF(D12="","",D12*E12)
F13: =IF(D13="","",D13*E13)
F14: =IF(D14="","",D14*E14)
... F22: =IF(D22="","",D22*E22)

Sheet Estoque
A1: ✏️ Preencha Produto, Quantidade e Data Entrada. As colunas em AZUL são calculadas automaticamente.
A2: Produto | B2: Quantidade (kg) | C2: Data Entrada | D2: Cobertura (dias) | E2: Dias em Estoque
D3: =IFERROR(ROUND(B3/IF(COUNTIFS(Vendas!B:B,A3)=0,1,SUMIFS(Vendas!D:D,Vendas!B:B,A3)/COUNTIFS(Vendas!A:A,"<>"&"",Vendas!B:B,A3)),1),"") -> 0 | E3: =IFERROR(IF(C3="","",TODAY()-DATEVALUE(TEXT(C3,"DD/MM/YYYY"))),"")
D4: =IFERROR(ROUND(B4/IF(COUNTIFS(Vendas!B:B,A4)=0,1,SUMIFS(Vendas!D:D,Vendas!B:B,A4)/COUNTIFS(Vendas!A:A,"<>"&"",Vendas!B:B,A4)),1),"") -> 0 | E4: =IFERROR(IF(C4="","",TODAY()-DATEVALUE(TEXT(C4,"DD/MM/YYYY"))),"")
D5: =IFERROR(ROUND(B5/IF(COUNTIFS(Vendas!B:B,A5)=0,1,SUMIFS(Vendas!D:D,Vendas!B:B,A5)/COUNTIFS(Vendas!A:A,"<>"&"",Vendas!B:B,A5)),1),"") -> 0 | E5: =IFERROR(IF(C5="","",TODAY()-DATEVALUE(TEXT(C5,"DD/MM/YYYY"))),"")
D6: =IFERROR(ROUND(B6/IF(COUNTIFS(Vendas!B:B,A6)=0,1,SUMIFS(Vendas!D:D,Vendas!B:B,A6)/COUNTIFS(Vendas!A:A,"<>"&"",Vendas!B:B,A6)),1),"") -> 0 | E6: =IFERROR(IF(C6="","",TODAY()-DATEVALUE(TEXT(C6,"DD/MM/YYYY"))),"")
D7: =IFERROR(ROUND(B7/IF(COUNTIFS(Vendas!B:B,A7)=0,1,SUMIFS(Vendas!D:D,Vendas!B:B,A7)/COUNTIFS(Vendas!A:A,"<>"&"",Vendas!B:B,A7)),1),"") -> 0 | E7: =IFERROR(IF(C7="","",TODAY()-DATEVALUE(TEXT(C7,"DD/MM/YYYY"))),"")
D8: =IFERROR(ROUND(B8/IF(COUNTIFS(Vendas!B:B,A8)=0,1,SUMIFS(Vendas!D:D,Vendas!B:B,A8)/COUNTIFS(Vendas!A:A,"<>"&"",Vendas!B:B,A8)),1),"") -> 0 | E8: =IFERROR(IF(C8="","",TODAY()-DATEVALUE(TEXT(C8,"DD/MM/YYYY"))),"")
D9: =IFERROR(ROUND(B9/IF(COUNTIFS(Vendas!B:B,A9)=0,1,SUMIFS(Vendas!D:D,Vendas!B:B,A9)/COUNTIFS(Vendas!A:A,"<>"&"",Vendas!B:B,A9)),1),"") -> 0 | E9: =IFERROR(IF(C9="","",TODAY()-DATEVALUE(TEXT(C9,"DD/MM/YYYY"))),"")
D10: =IFERROR(ROUND(B10/IF(COUNTIFS(Vendas!B:B,A10)=0,1,SUMIFS(Vendas!D:D,Vendas!B:B,A10)/COUNTIFS(Vendas!A:A,"<>"&"",Vendas!B:B,A10)),1),"") -> 0 | E10: =IFERROR(IF(C10="","",TODAY()-DATEVALUE(TEXT(C10,"DD/MM/YYYY"))),"")
D11: =IFERROR(ROUND(B11/IF(COUNTIFS(Vendas!B:B,A11)=0,1,SUMIFS(Vendas!D:D,Vendas!B:B,A11)/COUNTIFS(Vendas!A:A,"<>"&"",Vendas!B:B,A11)),1),"") -> 0 | E11: =IFERROR(IF(C11="","",TODAY()-DATEVALUE(TEXT(C11,"DD/MM/YYYY"))),"")
D12: =IFERROR(ROUND(B12/IF(COUNTIFS(Vendas!B:B,A12)=0,1,SUMIFS(Vendas!D:D,Vendas!B:B,A12)/COUNTIFS(Vendas!A:A,"<>"&"",Vendas!B:B,A12)),1),"") -> 0 | E12: =IFERROR(IF(C12="","",TODAY()-DATEVALUE(TEXT(C12,"DD/MM/YYYY"))),"")
D13: =IFERROR(ROUND(B13/IF(COUNTIFS(Vendas!B:B,A13)=0,1,SUMIFS(Vendas!D:D,Vendas!B:B,A13)/COUNTIFS(Vendas!A:A,"<>"&"",Vendas!B:B,A13)),1),"") -> 0 | E13: =IFERROR(IF(C13="","",TODAY()-DATEVALUE(TEXT(C13,"DD/MM/YYYY"))),"")
D14: =IFERROR(ROUND(B14/IF(COUNTIFS(Vendas!B:B,A14)=0,1,SUMIFS(Vendas!D:D,Vendas!B:B,A14)/COUNTIFS(Vendas!A:A,"<>"&"",Vendas!B:B,A14)),1),"") -> 0 | E14: =IFERROR(IF(C14="","",TODAY()-DATEVALUE(TEXT(C14,"DD/MM/YYYY"))),"")
... D22: =IFERROR(ROUND(B22/IF(COUNTIFS(Vendas!B:B,A22)=0,1,SUMIFS(Vendas!D:D,Vendas!B:B,A22)/COUNTIFS(Vendas!A:A,"<>"&"",Vendas!B:B,A22)),1),"") -> 0 | E22: =IFERROR(IF(C22="","",TODAY()-DATEVALUE(TEXT(C22,"DD/MM/YYYY"))),"")

Sheet 📋 Instruções
A1: SIGE FRIGORÍFICO — Modelo de Planilha
A3: ABA VENDAS
A4: • Data: formato DD/MM/AAAA (ex: 01/06/2026)
A5: • Produto: nome exato do produto
A6: • Categoria: Bovina, Aves, Suína, Ovina, Peixes
A7: • Quantidade (kg): use ponto ou vírgula como decimal
A8: • Valor Unitario: preço por kg
A9: • Valor Total: calculado automaticamente
A11: ABA ESTOQUE
A12: • Produto: deve ser igual ao nome usado na aba Vendas
A13: • Quantidade (kg): quantidade atual em estoque
A14: • Data Entrada: data que o lote entrou (DD/MM/AAAA)
... A29: • Normal: estoque saudável
